"","Adygey","Altay","Amur","Arkhangel'sk","Astrakhan'","Bashkortostan","Belgorod","Bryansk","Buryat","Chechnya","Chelyabinsk","Chukot","Chuvash","City of St. Petersburg","Dagestan","Gorno-Altay","Ingush","Irkutsk","Ivanovo","Kabardin-Balkar","Kaliningrad","Kalmyk","Kaluga","Kamchatka","Karachay-Cherkess","Karelia","Kemerovo","Khabarovsk","Khakass","Khanty-Mansiy","Kirov","Komi","Kostroma","Krasnodar","Krasnoyarsk","Kurgan","Kursk","Leningrad","Lipetsk","Maga Buryatdan","Mariy-El","Mordovia","Moscow City","Moskva","Murmansk","Nenets","Nizhegorod","North Ossetia","Novgorod","Novosibirsk","Omsk","Orel","Orenburg","Penza","Perm'","Primor'ye","Pskov","Rostov","Ryazan'","Sakha","Sakhalin","Samara","Saratov","Smolensk","Stavropol'","Sverdlovsk","Tambov","Tatarstan","Tomsk","Tula","Tuva","Tver'","Tyumen'","Udmurt","Ul'yanovsk","Vladimir","Volgograd","Vologda","Voronezh","Yamal-Nenets","Yaroslavl'","Yevrey","Zabaykal'ye"
"Adygea",1,5,5,9,8,12,7,6,6,7,10,6,7,20,6,10,6,7,7,13,9,6,5,8,15,6,8,10,7,11,6,6,7,8,10,5,6,7,7,12,7,6,11,5,8,6,9,11,7,11,6,5,8,5,6,9,6,6,6,5,8,5,7,7,10,9,6,8,6,5,5,6,6,5,9,7,7,5,7,11,9,5,10
"Altai Krai",5,2,5,10,7,12,7,6,6,8,8,6,6,20,7,8,6,7,7,13,9,6,6,8,16,6,8,9,6,10,6,5,7,9,10,6,6,9,7,13,8,7,10,6,7,6,10,11,8,10,6,6,8,6,6,9,6,6,6,6,6,5,6,7,9,9,6,7,6,5,5,6,7,6,8,6,8,6,8,11,9,6,10
"Altai Republic",12,10,12,12,12,14,13,13,13,13,14,13,13,18,12,14,13,13,13,13,13,13,12,13,16,10,13,13,13,12,13,13,14,13,13,13,13,13,12,13,12,13,14,14,14,13,12,12,14,14,14,12,12,13,13,13,14,13,13,13,11,13,13,13,10,14,12,12,14,12,13,13,13,13,13,11,14,14,13,12,12,13,13
"Amur Oblast",5,4,1,11,8,12,7,7,5,8,11,5,6,20,8,10,5,6,7,14,10,6,5,8,16,7,6,9,7,13,5,5,7,9,10,5,4,8,7,12,8,8,10,6,7,6,9,12,7,10,4,5,6,5,5,7,5,6,7,5,8,4,7,7,9,9,5,8,5,4,4,4,6,3,10,7,8,7,8,11,10,5,11
"Arkhangelsk Oblast",9,10,11,2,9,11,11,7,11,11,10,11,10,20,9,11,9,8,10,13,11,10,10,10,13,9,11,9,9,11,12,12,12,10,9,10,10,10,9,14,11,12,12,11,8,9,10,11,11,10,10,9,10,11,11,11,11,12,10,9,8,11,11,9,11,10,11,11,10,11,11,11,11,12,8,11,11,11,10,11,11,11,10
"Astrakhan Oblast",9,7,8,9,1,10,10,8,8,9,10,9,8,20,8,11,9,8,9,13,11,9,9,9,14,8,10,9,7,11,9,10,7,9,10,7,8,9,10,11,9,9,10,8,8,10,10,12,10,11,9,9,9,9,9,10,8,9,7,6,7,8,8,10,10,9,9,7,9,9,9,9,9,10,9,9,9,9,9,11,9,9,10
"Bashkortostan",13,11,12,12,10,0,9,11,10,11,12,10,11,19,8,10,12,10,11,13,11,12,11,10,15,10,11,11,11,12,11,12,9,10,10,10,11,11,11,10,11,9,10,10,12,11,10,12,10,12,11,12,12,12,12,11,10,10,12,10,10,10,10,11,11,12,11,7,11,12,12,12,13,11,12,12,10,10,10,11,10,12,12
"Belgorod Oblast",8,8,8,11,10,9,1,8,7,9,9,8,9,20,8,10,8,9,7,15,9,8,8,9,16,9,6,8,9,13,7,8,7,8,10,8,8,7,9,12,9,8,10,8,9,8,6,13,4,11,9,8,8,8,7,7,8,8,9,9,9,8,8,9,8,9,8,9,8,8,9,8,9,8,9,8,5,6,8,11,10,7,11
"Bryansk Oblast",7,7,8,8,9,11,7,1,5,8,7,8,7,20,8,10,7,5,6,12,10,7,7,8,14,8,8,8,7,9,8,8,8,7,7,6,6,8,6,10,8,8,11,7,4,7,10,11,8,10,6,7,7,7,8,8,7,8,6,7,8,7,7,6,10,8,7,7,6,7,7,8,7,8,6,8,9,8,7,10,9,8,9
"Buryatia",7,7,7,11,8,10,7,4,2,7,8,7,7,20,7,9,8,6,8,12,10,8,7,6,15,5,8,9,7,10,7,7,7,8,9,5,6,8,7,7,7,5,10,7,5,7,10,9,8,10,8,7,8,7,7,9,8,7,7,6,6,6,5,8,9,9,8,8,8,6,6,8,8,7,8,7,8,7,7,12,8,8,9
"Chechnya",7,7,8,11,9,11,8,7,7,0,7,6,6,20,8,10,8,8,8,13,9,7,7,6,14,7,8,9,7,11,8,8,7,8,9,7,8,7,8,12,8,7,10,7,7,7,8,11,8,11,8,7,7,5,7,8,8,8,7,6,8,7,8,7,10,9,8,8,8,7,7,7,7,8,9,8,8,7,8,11,10,6,10
"Chelyabinsk Oblast",11,10,12,11,11,12,10,7,10,8,1,10,8,20,10,12,11,10,10,13,10,10,11,10,15,10,11,8,9,9,11,11,12,11,10,10,10,10,10,14,10,11,12,11,8,10,12,13,12,8,10,10,10,10,11,12,11,12,9,11,9,11,11,8,12,9,11,11,10,10,11,11,10,12,8,9,11,11,11,11,12,11,11
"Chukotka Autonomous Okrug",10,8,9,11,9,10,9,9,8,7,9,4,6,19,8,10,10,8,9,14,11,9,9,8,15,9,10,9,7,11,9,9,9,9,10,8,8,9,9,12,10,8,10,8,9,9,10,12,9,11,9,10,10,9,10,9,8,9,9,8,9,9,9,9,10,10,9,9,9,8,8,10,9,9,10,10,8,8,9,12,9,10,10
"Chuvashia",9,8,8,11,8,11,9,8,8,6,8,6,2,20,8,10,7,8,7,13,10,8,7,8,15,7,9,8,6,10,9,8,8,8,10,8,7,9,8,12,9,7,10,7,8,8,10,9,8,9,8,9,9,8,9,9,8,8,8,6,7,7,8,9,9,10,8,8,8,7,6,8,8,9,9,8,9,8,9,12,10,8,10
"Crimea",5,6,5,10,8,11,8,6,6,6,9,5,6,20,7,9,6,6,7,12,9,5,5,8,15,5,7,9,7,12,5,5,6,7,9,6,6,7,6,12,6,6,11,5,7,6,9,10,8,10,5,4,7,5,5,6,6,6,7,5,8,5,6,7,9,9,6,8,5,5,5,6,5,6,10,6,8,6,6,11,8,5,10
"Dagestan",7,6,8,9,8,8,8,8,7,8,9,7,8,20,0,9,6,7,8,13,9,7,6,7,15,5,7,9,7,10,8,8,8,7,9,6,7,8,6,9,7,8,11,7,8,6,9,11,8,10,7,7,8,6,7,9,7,6,7,6,6,6,6,8,9,10,7,4,7,7,7,7,8,7,10,8,7,7,8,10,7,7,9
"Ingushetia",9,9,9,11,10,11,10,10,8,8,11,8,9,20,7,10,4,7,9,14,10,10,8,7,15,7,10,10,10,11,10,9,8,9,11,9,9,10,8,10,10,8,10,8,9,8,10,8,10,10,9,9,10,8,9,10,9,8,10,8,8,9,9,9,10,10,10,9,9,8,8,9,8,8,10,9,10,9,9,11,9,9,11
"Irkutsk Oblast",8,7,7,9,9,10,8,5,7,8,10,7,7,20,8,10,5,1,7,13,11,7,7,8,15,8,8,9,7,11,8,8,8,8,9,7,5,9,5,12,8,8,11,7,6,6,10,11,8,10,6,7,7,8,8,8,7,7,8,7,7,8,7,7,10,8,8,8,6,7,7,8,7,7,9,8,9,8,8,12,9,8,10
"Ivanovo Oblast",8,8,8,10,9,11,6,7,8,8,10,7,8,20,8,9,6,7,1,13,10,7,7,9,16,7,6,7,7,11,6,7,8,6,8,8,8,8,8,13,8,6,10,7,8,7,8,13,6,10,8,8,7,7,8,8,6,6,7,7,8,7,6,8,7,7,6,8,7,8,7,7,8,8,6,7,8,7,8,11,8,8,10
"Jewish Autonomous Oblast",8,8,8,12,9,12,7,8,8,8,10,8,7,20,7,11,6,8,8,14,10,8,8,9,16,8,7,10,8,13,7,7,8,9,11,8,7,7,8,14,7,8,10,7,8,7,10,12,8,10,7,8,8,7,7,9,7,7,8,7,8,8,8,8,10,9,8,8,7,8,8,8,8,8,10,8,9,8,8,12,9,7,11
"Kabardino-Balkaria",17,16,17,16,15,15,15,15,16,16,16,17,17,21,16,12,17,16,15,3,13,15,14,13,14,12,15,12,14,13,15,15,14,12,12,15,15,15,16,14,13,13,17,15,15,17,16,15,16,16,17,16,15,16,17,15,17,17,16,15,14,14,15,16,15,14,16,14,16,16,17,17,17,16,15,14,16,15,16,15,13,17,13
"Kaliningrad Oblast",11,10,11,11,11,12,9,11,11,10,11,12,11,21,10,11,10,12,11,10,1,9,7,9,14,8,10,11,10,11,9,10,10,9,9,9,10,5,11,11,10,11,12,11,11,11,9,13,10,10,12,11,10,10,11,10,12,12,11,10,10,9,10,11,12,12,11,10,12,10,11,11,11,11,10,9,7,9,11,11,11,11,11
"Kalmykia",7,7,7,11,8,11,7,8,7,7,9,7,8,22,7,10,8,8,8,11,7,2,4,6,13,4,7,8,7,9,7,5,6,7,8,7,6,8,8,11,6,6,10,6,7,8,10,11,8,10,6,8,8,7,7,8,7,8,8,5,6,5,7,8,9,10,6,7,6,6,7,8,7,7,9,7,7,6,8,10,9,8,8
"Kaluga Oblast",6,5,6,11,9,11,7,7,6,8,10,6,6,21,6,10,6,6,7,12,6,4,1,6,14,5,7,8,6,10,6,6,7,6,8,4,5,7,7,11,7,8,10,6,8,7,9,13,8,11,7,7,8,6,7,9,7,7,7,5,7,5,6,7,9,9,6,7,7,5,5,7,7,6,9,7,6,5,8,10,8,7,9
"Kamchatka Krai",10,8,9,11,9,10,10,9,8,7,10,8,9,21,7,10,10,9,9,10,8,7,7,1,11,7,8,9,6,10,9,8,8,8,9,8,8,9,9,10,9,9,10,9,9,9,10,11,10,11,8,10,10,9,10,10,9,9,9,7,7,6,7,9,10,10,8,7,8,9,9,10,10,8,10,10,9,9,10,10,9,10,9
"Karachay-Cherkessia",17,17,18,14,16,15,18,16,17,15,17,16,16,20,16,17,18,16,18,14,16,15,16,12,2,13,16,14,13,13,17,17,16,15,13,16,16,18,17,16,15,16,17,17,16,16,17,14,18,17,18,17,17,17,17,17,18,18,17,16,15,15,16,17,17,17,18,15,18,18,18,17,17,18,17,17,18,18,17,13,16,17,15
"Republic of Karelia",18,17,17,18,18,17,15,18,17,17,17,17,17,20,17,17,18,18,18,16,16,17,16,16,18,12,17,16,18,17,17,17,16,16,16,17,17,16,17,17,17,16,16,17,17,17,17,15,17,17,19,16,17,17,17,16,18,17,17,17,16,16,17,17,17,17,17,17,18,16,17,18,17,17,17,16,16,16,17,17,16,16,17
"Kemerovo Oblast",9,9,7,12,10,11,6,9,8,8,10,8,9,19,8,11,9,9,6,13,10,8,8,7,14,7,1,6,8,12,5,7,6,7,9,7,7,8,8,13,9,7,11,8,9,7,7,13,7,11,8,8,8,8,7,8,7,7,9,9,9,7,7,8,7,7,6,8,8,9,8,7,8,7,8,9,9,8,8,11,9,7,11
"Khabarovsk Krai",11,10,10,9,10,11,9,8,10,10,8,9,8,21,10,11,10,9,8,10,10,8,9,8,13,8,7,1,6,9,7,9,8,8,8,9,7,11,9,12,9,9,11,9,8,10,10,12,9,10,9,10,10,10,10,10,9,9,9,10,10,8,7,9,8,7,8,8,8,10,10,10,11,10,6,10,10,10,9,11,10,10,9
"Khakassia",9,8,9,10,9,10,9,7,8,7,9,7,6,21,7,10,8,7,8,11,9,7,6,7,13,5,8,6,2,7,8,7,7,7,8,7,7,9,8,12,8,7,10,7,7,8,10,9,9,10,8,9,9,8,9,9,8,8,7,6,6,6,7,8,9,10,8,6,8,8,8,9,9,9,9,7,9,8,9,11,9,9,8
"Khanty-Mansi Autonomous Okrug",13,12,14,12,12,12,14,10,12,12,10,13,11,20,11,12,12,12,12,12,11,11,11,11,13,11,13,10,9,2,13,12,11,11,9,11,12,12,12,13,11,13,13,12,11,12,14,13,14,13,13,14,13,12,14,14,13,13,11,12,11,12,12,12,13,13,13,10,13,13,13,14,12,14,11,12,13,13,13,11,12,13,11
"Kirov Oblast",6,6,6,12,9,11,7,7,5,8,11,6,7,19,8,9,6,7,5,13,9,5,5,8,15,5,4,6,6,12,1,4,5,7,9,4,4,8,6,13,7,5,9,5,7,6,8,11,7,10,6,5,8,6,5,7,4,5,7,6,8,6,5,8,8,7,5,8,6,6,5,6,7,6,8,8,8,6,6,12,7,6,11
"Komi Republic",12,13,11,13,13,13,12,13,12,12,13,12,12,18,12,12,12,12,13,13,11,12,11,11,16,9,10,12,12,11,11,9,11,12,12,11,11,12,11,13,11,11,12,12,13,12,11,11,12,12,12,11,11,12,12,12,13,12,12,13,11,12,13,11,11,13,11,13,11,11,12,12,12,11,13,12,12,12,11,12,12,12,13
"Kostroma Oblast",9,7,8,12,7,9,8,9,7,8,11,8,9,19,8,9,9,9,8,12,9,7,7,8,15,7,6,7,8,10,6,6,1,6,8,6,7,8,9,12,9,7,9,6,8,9,9,11,7,9,8,8,9,8,7,9,7,5,9,8,9,7,8,9,8,9,8,7,7,8,8,8,9,8,9,8,7,7,7,12,9,8,11
"Krasnodar Krai",10,9,9,10,9,11,9,8,9,9,11,9,9,20,8,10,9,9,7,11,8,8,7,8,13,7,8,8,7,10,8,8,7,1,3,8,8,8,10,12,9,9,10,8,9,9,10,12,9,10,9,9,7,8,10,8,8,8,8,8,9,7,8,10,8,10,8,9,9,9,9,9,10,9,9,8,9,8,9,11,9,10,10
"Krasnoyarsk Krai",11,11,11,9,11,10,10,7,10,10,10,11,10,19,10,10,10,9,9,11,9,8,9,8,12,9,10,8,8,8,10,10,9,4,1,10,8,10,10,11,10,11,10,10,9,10,11,12,10,9,10,11,9,10,11,9,10,10,10,10,10,9,10,9,10,10,10,9,9,11,11,11,11,11,9,10,10,11,11,12,10,11,10
"Kurgan Oblast",6,6,6,10,7,11,7,5,4,7,9,7,6,21,7,10,6,7,7,12,9,6,5,7,14,5,7,8,5,10,5,6,7,7,9,1,4,8,7,11,7,7,10,7,4,7,9,12,7,11,7,6,8,6,6,9,7,7,5,6,7,6,6,7,9,9,7,7,7,5,5,7,6,7,8,8,8,7,7,11,8,7,10
"Kursk Oblast",6,6,5,11,8,11,8,6,4,8,10,6,6,20,7,10,6,5,7,12,10,5,5,7,14,5,6,7,6,11,4,5,6,7,8,3,1,9,6,12,7,7,10,5,5,6,10,11,8,9,4,5,8,6,5,8,5,6,7,6,8,6,6,7,9,8,6,7,4,5,5,6,6,6,9,8,9,7,7,12,8,6,10
"Leningrad Oblast",9,9,9,10,9,12,7,9,9,8,10,10,9,21,9,10,8,10,9,12,5,10,8,10,16,9,8,10,9,11,8,9,9,8,9,8,9,1,8,11,9,9,11,9,10,8,8,13,8,10,10,9,8,7,8,8,10,10,9,9,10,8,9,10,10,10,10,9,10,9,9,9,10,9,10,9,6,8,9,12,10,8,11
"Lipetsk Oblast",8,7,8,10,10,11,8,6,8,8,10,8,7,18,7,11,7,5,8,13,10,7,8,8,16,7,7,9,7,11,7,8,8,9,10,8,6,8,1,13,8,8,11,7,7,5,8,12,8,9,6,7,8,7,7,8,7,7,8,8,8,8,7,6,10,9,8,8,6,8,8,7,8,8,9,8,9,8,8,11,10,7,11
"Magadan Oblast",8,7,8,10,7,11,8,7,7,8,9,8,7,21,5,11,7,8,7,11,9,7,6,7,14,7,8,8,6,10,8,8,8,7,9,6,8,9,8,8,6,7,10,6,6,8,10,13,8,11,8,8,8,7,8,9,8,8,5,6,6,5,6,8,9,9,7,6,8,7,7,8,7,8,9,7,8,7,8,9,8,8,8
"Mari El",7,7,7,11,9,11,8,7,6,8,9,7,7,21,7,9,7,7,7,11,9,6,6,8,15,5,8,8,7,12,6,6,8,8,10,6,6,8,7,11,2,6,9,6,6,7,10,11,8,10,7,5,8,7,6,8,7,7,7,6,7,6,5,8,7,9,6,7,7,7,7,7,7,7,9,6,9,7,7,11,7,7,9
"Mordovia",7,8,8,12,9,9,7,7,7,7,10,7,8,20,8,7,8,7,6,12,10,8,7,8,16,5,7,8,8,12,5,6,6,8,10,7,7,8,8,11,6,0,7,4,6,8,9,9,6,9,8,7,8,7,7,8,6,5,8,7,7,7,6,8,9,6,6,8,7,7,6,8,8,7,8,6,6,5,6,12,8,8,11
"Moscow",6,6,6,12,10,11,7,7,6,7,11,5,7,20,7,9,6,7,6,15,11,6,6,8,16,7,7,9,7,12,5,5,5,7,9,6,6,9,7,13,7,5,5,3,7,6,9,11,6,9,5,6,8,6,6,8,4,3,7,6,8,6,6,7,9,9,5,8,5,6,6,6,7,6,9,8,7,6,7,12,8,6,11
"Moscow Oblast",7,7,7,12,10,11,7,7,7,7,11,6,7,20,8,9,7,7,6,15,11,7,7,8,16,7,7,9,7,13,6,6,5,7,9,7,7,9,7,13,7,5,4,4,7,7,9,11,6,9,6,7,8,7,7,8,5,4,7,7,8,7,7,7,9,9,6,9,6,7,7,7,7,7,9,8,7,6,7,12,8,7,11
"Murmansk Oblast",9,8,8,9,9,12,9,4,6,8,8,9,7,21,9,10,8,6,7,12,10,7,8,8,14,8,8,8,7,10,8,8,9,8,9,5,5,9,7,10,7,7,10,7,1,8,10,11,9,10,6,8,8,8,7,8,8,9,7,8,8,7,7,6,10,8,8,8,6,7,7,9,7,8,7,9,9,9,7,10,9,9,10
"Nenets Autonomous Okrug",8,7,8,10,10,11,7,7,8,8,10,8,7,19,7,10,6,6,8,14,10,8,8,9,16,7,6,10,7,11,8,8,8,9,10,8,7,7,5,13,8,8,10,8,8,2,8,11,7,10,7,7,7,6,7,9,8,7,8,8,8,8,7,7,10,9,8,8,7,8,8,7,8,8,9,8,9,8,8,8,10,7,11
"Nizhny Novgorod Oblast",14,15,15,14,16,13,11,15,15,14,15,14,14,19,15,14,14,16,12,16,12,15,15,16,16,16,13,13,15,15,13,15,13,13,13,15,15,12,15,15,15,14,15,15,16,14,7,14,8,14,16,15,14,15,15,14,14,14,15,15,15,15,14,15,13,14,14,16,15,16,15,14,15,15,13,15,12,13,14,15,15,14,15
"North Ossetia – Alania",21,20,21,18,17,18,21,19,20,18,18,20,20,20,18,18,21,20,21,20,20,20,19,19,21,17,21,20,19,18,21,20,18,19,19,19,20,19,20,18,19,18,19,19,19,19,19,9,20,18,20,19,20,19,21,20,21,19,19,20,18,19,20,20,20,20,21,17,20,20,21,21,20,21,21,20,20,19,19,20,18,21,20
"Novgorod Oblast",8,9,8,11,10,10,4,9,8,9,11,8,9,20,8,9,8,9,7,15,10,9,9,9,16,9,7,8,9,13,7,8,6,8,10,8,8,8,9,12,9,7,9,8,9,8,5,11,1,8,9,8,9,9,8,7,8,7,9,9,9,8,8,9,7,9,8,9,8,9,8,7,9,8,9,9,5,6,7,12,10,7,11
"Novosibirsk Oblast",12,12,11,11,12,12,11,10,11,12,8,12,11,19,11,11,11,10,11,13,10,11,12,11,16,11,11,10,11,12,10,10,9,11,9,11,9,10,9,14,11,10,10,10,10,10,10,11,8,1,10,11,10,12,11,10,11,10,12,12,11,11,12,9,12,9,11,11,9,12,11,10,12,11,10,9,10,10,10,12,10,10,12
"Omsk Oblast",6,5,4,11,9,11,8,6,6,8,10,5,7,21,7,11,6,6,7,14,11,5,6,7,16,7,7,9,6,12,5,5,7,8,10,6,4,9,6,13,8,8,9,4,6,6,10,11,8,10,1,4,7,5,5,8,4,5,7,5,8,5,7,6,10,9,5,8,3,5,5,5,6,5,9,8,9,7,8,11,9,6,10
"Orenburg Oblast",9,9,7,10,10,12,7,8,8,8,9,8,9,18,9,10,7,7,8,13,9,9,7,9,15,8,8,9,9,12,8,9,9,8,8,7,7,7,9,12,9,9,11,9,9,7,9,12,8,9,8,6,1,7,7,8,9,9,9,9,9,8,9,9,10,9,8,9,9,8,8,7,9,7,10,9,8,9,8,12,9,7,11
"Oryol Oblast",5,6,6,10,9,11,7,5,5,8,10,6,7,19,8,8,6,6,6,13,11,6,6,9,15,6,7,9,7,12,5,5,7,7,9,6,6,9,7,12,6,6,9,6,7,6,9,12,7,10,5,3,6,6,6,7,5,6,7,6,7,6,6,7,7,8,6,8,6,5,6,6,7,6,8,8,8,6,7,11,8,6,9
"Penza Oblast",6,5,6,11,9,12,7,7,5,6,9,6,6,20,6,9,6,7,6,13,9,6,6,8,16,6,7,9,6,11,6,6,8,7,9,5,6,6,7,13,8,8,10,6,7,4,9,12,8,11,6,6,6,1,4,8,5,6,5,5,7,6,7,7,10,9,6,8,6,5,5,6,7,6,9,8,8,7,7,10,9,5,10
"Perm Krai",6,5,5,11,9,12,6,7,5,7,10,6,7,19,7,10,6,7,7,14,10,5,6,9,15,6,6,9,7,13,4,4,6,9,10,5,4,7,6,13,7,7,10,6,6,5,8,11,7,10,5,4,7,3,1,7,4,6,7,5,8,6,6,7,9,8,6,8,5,5,5,4,6,6,10,7,8,7,7,11,9,4,11
"Primorsky Krai",9,9,8,11,10,10,8,7,9,9,11,9,9,19,9,10,9,7,9,12,10,8,10,9,15,9,8,9,9,12,8,9,9,9,8,9,7,9,7,13,9,9,10,7,7,9,10,11,8,9,7,9,9,9,8,3,7,8,10,9,10,8,9,8,10,8,9,8,7,10,10,9,9,8,9,9,9,9,9,12,10,8,10
"Pskov Oblast",6,6,6,11,8,10,7,7,6,8,11,5,7,20,8,10,6,6,5,15,11,6,6,9,16,7,6,8,6,13,4,5,6,7,9,6,6,9,7,14,8,6,8,4,8,6,9,12,7,10,5,6,8,5,5,7,1,4,7,5,7,6,6,8,9,8,5,9,6,6,5,6,7,6,8,8,8,6,7,12,8,6,10
"Rostov Oblast",7,6,7,12,9,10,7,7,7,8,11,6,7,20,7,9,7,7,5,15,11,7,7,9,17,7,6,8,7,12,5,6,4,7,9,7,7,9,7,13,8,5,7,4,8,7,9,11,6,9,6,7,8,7,7,8,4,1,6,7,8,7,5,7,9,8,5,8,6,7,6,7,7,7,8,8,7,6,7,12,7,7,11
"Ryazan Oblast",7,6,7,10,7,12,8,6,6,7,8,7,6,20,7,11,7,7,6,13,10,6,6,8,15,7,8,8,5,10,7,7,8,8,9,5,7,9,7,11,8,8,10,7,6,7,10,13,8,11,7,7,8,5,7,9,7,6,1,6,7,5,6,7,9,10,6,7,7,6,6,7,5,7,8,7,9,7,8,10,9,7,9
"Saint Petersburg",15,15,14,14,15,13,15,15,15,15,15,15,15,10,13,14,14,14,15,14,13,15,14,14,15,14,13,15,15,13,14,16,14,14,13,15,14,14,12,14,14,15,15,15,15,12,13,14,15,14,15,15,11,14,13,14,14,15,16,14,14,13,13,13,13,14,14,12,15,15,15,14,15,14,15,15,15,16,15,12,15,14,15
"Yakutia",7,6,6,11,8,9,8,7,6,7,10,6,7,21,6,10,6,4,7,12,8,6,4,6,15,4,8,9,6,11,7,6,7,7,9,6,6,8,6,10,7,6,10,6,8,6,10,10,8,10,7,7,8,6,7,9,6,6,7,4,5,5,5,8,9,10,6,7,7,5,5,7,7,6,9,6,8,6,8,10,7,6,9
"Sakhalin Oblast",9,8,9,8,7,11,9,8,8,8,8,8,8,21,7,10,9,8,8,12,9,7,7,7,14,6,9,9,7,11,9,8,9,9,10,7,9,9,9,12,8,8,10,8,8,9,9,12,9,10,9,8,9,8,9,9,8,9,7,4,1,6,6,7,8,8,8,8,9,8,8,9,8,9,9,8,9,9,9,9,8,9,8
"Samara Oblast",7,6,5,11,8,10,7,6,6,8,10,7,7,20,6,10,7,7,7,11,8,6,5,6,14,6,6,7,6,11,6,6,7,7,8,6,6,7,7,10,7,8,10,6,6,7,9,13,7,10,6,6,8,6,6,7,7,7,6,4,5,1,4,7,8,9,5,5,6,6,6,6,7,5,9,7,7,7,8,9,8,6,8
"Saratov Oblast",8,7,8,11,8,10,8,7,6,8,10,7,8,20,7,10,8,7,5,12,10,7,7,7,14,6,6,6,7,11,5,7,7,7,9,7,7,9,7,10,6,6,10,7,7,7,9,12,8,11,8,7,8,8,7,8,6,5,7,6,6,5,1,7,6,6,5,7,8,7,7,8,8,8,7,8,9,8,7,10,7,8,9
"Sevastopol",10,9,10,11,10,11,7,9,9,10,10,9,8,20,8,11,9,9,6,13,11,9,9,10,16,9,7,9,9,12,9,9,8,7,9,10,9,9,9,13,8,9,11,9,10,8,8,12,7,9,9,9,10,9,9,10,8,7,9,8,8,8,6,9,5,8,8,8,9,9,8,9,10,9,9,9,10,9,10,11,9,8,10
"Smolensk Oblast",8,8,8,10,10,11,8,6,9,8,8,9,8,19,8,10,8,7,8,13,10,7,8,8,16,8,8,9,8,11,9,8,8,9,9,8,7,9,6,14,9,8,10,7,6,7,9,12,8,9,6,8,8,7,8,9,8,8,8,8,8,8,8,1,9,7,9,9,6,8,9,8,7,9,8,9,8,7,7,8,9,8,11
"Stavropol Krai",10,9,9,11,10,11,8,9,9,10,11,9,9,19,9,10,10,9,7,13,11,9,9,9,16,8,7,8,9,12,8,9,8,8,9,9,9,10,10,12,8,9,11,9,9,10,9,12,7,11,10,8,10,10,9,9,9,9,9,8,8,8,6,9,1,8,8,8,9,9,9,9,10,9,10,9,9,9,8,11,8,8,10
"Sverdlovsk Oblast",10,10,10,11,10,12,9,8,10,10,9,10,10,20,11,11,10,8,8,12,11,9,10,10,16,9,8,7,10,12,8,10,10,10,10,10,8,10,9,14,10,7,11,9,8,9,10,12,10,9,9,9,10,10,9,9,9,9,11,10,9,10,7,7,9,1,9,11,8,10,10,8,11,10,7,10,10,9,9,12,9,9,11
"Tambov Oblast",7,7,6,11,9,11,7,7,7,8,10,6,7,20,7,10,7,7,5,14,10,6,6,7,16,6,5,7,7,12,5,6,7,7,9,7,7,9,7,13,7,6,9,6,7,7,9,13,7,10,6,7,7,7,7,8,5,5,7,6,7,5,5,8,8,8,1,7,5,6,5,6,6,6,8,7,8,7,8,10,8,7,10
"Tatarstan",9,7,8,11,7,7,9,7,7,8,10,8,8,19,4,9,8,8,8,11,9,8,7,7,14,7,8,7,7,10,8,9,7,8,9,6,7,8,8,8,8,8,11,8,8,8,10,10,9,11,8,8,9,8,8,9,8,7,7,7,7,5,6,9,8,10,7,0,7,7,7,7,8,7,9,8,8,8,9,9,8,8,9
"Tomsk Oblast",6,6,5,11,9,11,8,6,6,8,10,6,7,20,7,10,6,6,7,14,11,5,6,7,16,7,7,8,7,12,6,4,7,8,9,6,4,9,6,14,8,7,9,4,6,6,10,11,7,9,3,6,8,6,6,8,5,5,7,6,8,5,7,6,9,8,4,7,1,5,5,5,5,5,8,8,8,6,7,11,9,6,10
"Tula Oblast",6,4,5,11,9,12,7,6,4,8,9,5,5,21,7,9,6,6,7,13,9,5,5,8,16,6,8,9,6,12,5,5,8,8,10,4,4,8,7,12,8,8,10,6,6,6,10,12,8,11,5,5,8,5,5,9,5,6,6,5,7,5,6,7,10,9,5,7,4,1,2,4,5,6,9,7,7,6,8,11,8,6,10
"Tuva",6,4,4,11,9,12,8,6,4,7,10,5,4,21,7,10,5,6,6,14,10,6,4,8,16,6,7,9,6,12,5,4,7,8,10,4,4,8,7,12,8,6,11,4,6,6,10,12,7,10,4,4,7,4,5,9,5,6,6,4,7,5,6,8,9,9,5,7,4,1,0,4,5,5,9,8,8,6,8,11,9,5,10
"Tver Oblast",6,5,4,11,9,12,7,7,6,7,10,6,6,20,7,11,6,7,6,14,10,6,6,9,15,6,6,9,7,13,5,5,7,9,10,6,5,8,6,13,8,8,10,6,8,5,8,12,6,9,5,4,6,5,4,8,5,6,7,5,8,5,7,7,9,7,5,7,4,4,4,1,5,5,10,8,8,7,7,11,10,5,11
"Tyumen Oblast",6,7,6,11,9,13,8,7,6,7,9,6,6,20,8,11,7,7,7,14,10,6,7,9,15,7,7,10,7,11,7,6,8,9,11,6,6,9,7,13,8,8,10,7,6,6,9,12,8,11,6,6,8,6,6,8,7,7,5,7,8,6,7,6,10,10,5,8,5,5,5,5,1,6,9,8,9,7,7,10,10,6,10
"Udmurtia",7,7,5,12,9,10,8,8,6,7,10,7,7,21,7,10,7,6,8,12,10,8,6,6,16,6,6,9,8,12,7,6,6,8,10,6,6,8,7,10,8,6,10,7,8,7,10,10,8,10,7,7,8,7,7,7,8,7,8,7,7,5,7,8,9,10,7,7,7,6,6,7,7,2,9,7,8,7,8,11,10,7,11
"Ulyanovsk Oblast",9,8,10,9,10,11,9,5,9,10,7,9,9,20,9,10,8,8,6,12,10,8,9,9,15,9,8,6,8,11,8,9,9,8,8,9,8,9,8,13,9,8,11,8,7,8,10,12,9,10,8,10,9,9,10,9,8,8,8,9,9,9,7,8,9,7,8,9,7,9,9,9,9,9,2,8,9,9,9,11,10,9,10
"Vladimir Oblast",8,8,7,11,10,12,9,9,9,9,9,9,9,21,8,11,9,9,8,12,8,7,8,9,15,7,9,9,8,12,8,7,9,8,9,9,9,8,9,13,7,7,10,9,9,9,9,13,9,8,8,9,8,9,8,8,9,9,8,8,8,6,8,9,9,9,7,9,8,8,9,8,8,6,9,1,8,8,8,11,10,9,10
"Volgograd Oblast",9,8,9,11,9,11,5,10,9,9,10,9,9,20,8,9,9,10,9,14,7,9,7,10,16,9,9,10,9,12,9,9,8,9,10,8,9,6,10,11,10,7,9,8,10,10,8,12,5,10,10,9,9,9,9,8,9,8,9,9,10,8,9,9,10,10,9,9,9,8,9,9,10,9,10,8,1,4,7,11,9,9,11
"Vologda Oblast",7,6,8,11,9,10,7,8,7,8,10,8,8,20,7,8,7,8,8,13,8,7,5,9,16,7,8,10,8,12,7,7,7,7,10,6,8,7,8,12,8,6,9,6,8,8,9,12,7,9,8,8,8,7,8,8,7,7,8,7,8,7,8,7,9,9,8,8,7,6,7,8,8,8,10,7,3,1,5,11,8,8,10
"Voronezh Oblast",8,9,9,10,9,11,9,8,8,9,11,9,8,20,9,8,8,8,8,13,10,9,9,9,15,7,9,10,9,13,7,8,8,8,10,8,8,8,8,13,8,7,9,8,8,7,10,10,8,9,9,7,7,7,8,9,8,8,9,8,9,9,8,7,9,9,9,9,8,9,9,8,8,9,9,8,7,6,1,11,8,8,11
"Yamalo-Nenets Autonomous Okrug",14,13,14,13,14,12,14,12,14,14,12,13,14,18,12,12,13,13,13,13,12,13,13,12,13,13,13,12,13,12,14,14,14,13,13,14,14,14,12,12,13,14,13,14,12,9,14,13,14,13,13,14,13,13,14,13,14,13,13,14,12,12,12,10,14,13,12,12,13,14,14,14,13,13,12,14,14,13,12,3,12,13,12
"Yaroslavl Oblast",10,9,10,11,9,10,10,8,8,10,11,10,9,20,7,9,9,9,8,12,10,8,8,8,14,7,9,9,9,11,7,9,8,8,9,8,8,10,10,12,7,8,10,7,8,10,10,11,9,9,9,8,9,9,9,9,8,7,9,8,8,8,7,8,8,8,8,8,9,8,9,10,10,10,9,10,9,8,8,10,1,9,9
"Zabaykalsky Krai",10,10,12,10,11,11,12,8,10,11,10,11,10,21,10,10,11,9,11,10,11,9,10,9,13,10,12,8,8,9,12,12,12,11,9,11,10,12,10,12,9,12,11,10,9,11,12,12,12,11,10,11,12,11,12,11,10,11,10,10,9,9,10,10,11,10,11,9,10,11,11,12,11,12,10,11,12,11,12,10,10,11,3
"Baikonur",8,8,6,11,9,9,6,6,7,7,10,6,8,19,7,10,8,7,7,12,7,7,7,8,15,7,8,8,7,11,6,7,8,6,8,7,8,8,7,11,7,7,10,7,7,8,9,13,7,10,7,8,7,7,8,7,6,7,7,6,7,7,7,7,8,9,6,8,7,8,8,8,7,7,9,7,8,7,7,10,9,8,9
"Russians abroad",15,14,14,13,12,13,12,12,12,13,13,14,13,20,13,13,14,14,12,13,10,14,13,12,15,13,13,12,13,14,12,14,12,11,11,12,13,10,14,13,14,14,13,13,11,14,11,13,12,13,14,14,13,13,14,13,13,12,12,13,13,11,12,13,13,15,12,12,14,13,13,14,14,14,13,13,12,14,14,14,13,14,13
